99,Emelina,Glazyer,Colombia,398-3926,EGlazyer@live.co.uk,988986238,t3e+!!x,
80,Cobby,Ockwell,Austria,398-1680,COckwell@aim.com,823804486,*.e:1TFY]E,
86,Rahel,Dightham,Burkina Faso,209-3382,RDightham@home.nl,931099451,<nDz8(H{;R,
35,Jobina,De Ruggero,Venezuela,908-9904,JDe Ruggero@tin.it,285433483,n@!fFRak/#,
87,Belvia,Wardle,Cyprus,209-6628,BWardle@ig.com.br,590387708,#I!ny:!BR,
64,Fanchette,Eastlake,Botswana,867-5431,FEastlake@comcast.net,184124220,qLjEYT)D6/NJ~koi,
39,Coriss,Threlfall,Kyrgyzstan,398-1018,CThrelfall@gmx.de,651836836,6qEmCr4tXHT7JTq_,
6,Helyn,Fountaine,Trinidad and Tobago,925-4652,HFountaine@shaw.ca,159997301,ud|po)wP64`fh,
97,Minnaminnie,Reedman,Canada,444-8636,MReedman@bluewin.ch,373059560,UPt8c4,
69,Tina,De Lorenzo,Morocco,925-9605,TDe Lorenzo@rocketmail.com,518646579,GI~C@u^j,
1,Karylin,Chewter,Malawi,429-5793,KChewter@ig.com.br,819885386,\"yJ(bZyw-*/,
20,Paulie,Ocklin,Malaysia,429-6621,POcklin@telenet.be,157962504,D]i:OYI]O,
37,Randene,Sinnott,Senegal,925-3717,RSinnott@live.fr,176593093,qDED$YQ,
56,Fields,Collings,Iraq,997-8856,FCollings@bluewin.ch,923578341,/L2'TpV,
9,Alexa,McIlvenna,Central African Republic,270-7227,AMcIlvenna@home.nl,260709859,kF`%>^IDE^x8,
55,Paddy,Bedburrow,Peru,925-6399,PBedburrow@gmx.de,187665154,Zu~_Y:)o\@f,
58,Mavra,McGreal,Sri Lanka,219-4814,MMcGreal@home.nl,298994314,U$v+F{t`}<<Jh%,
21,Moss,Punton,Georgia,444-8189,MPunton@voila.fr,337949908,5%_l{6,
50,Cathleen,Mew,Ecuador,398-8136,CMew@optonline.net,467889618,L[-d5vK+n}X`,
11,Lorne,Brodhead,Ukraine,444-7369,LBrodhead@gmx.de,704569917,{b5Bi.,
47,Lydon,Jose,Palau,209-2181,LJose@frontiernet.net,440554603,xMt.nW,
73,Glyn,Verdy,Kuwait,908-5124,GVerdy@googlemail.com,463304213,j-E*J\Qb,
100,Ad,Shearme,Turkey,997-9569,AShearme@terra.com.br,379529128,My<o*=#t,
8,Jesselyn,Ducastel,Russia,444-9245,JDucastel@facebook.com,539493451,.r7!cP(d{ASK=,
10,Egor,Castellanos,Brazil,444-5143,ECastellanos@yahoo.co.uk,175335928,[%$j4U1O,
94,Lauryn,Borres,Azerbaijan,444-2660,LBorres@me.com,601422376,@z:ipD8.P[/iW7D,
60,Nikki,Roles,Mexico,867-6050,NRoles@gmail.com,203409954,?57n^<S+=N,
96,Sorcha,Jurgensen,Ireland,398-6780,SJurgensen@yahoo.com.mx,529363923,gk[Qko?nFu,
95,Gayelord,Ladlow,Dominican Republic,908-8134,GLadlow@earthlink.net,338101281,\@(v+U:i,
67,Glenn,Gheeorghie,Angola,209-5124,GGheeorghie@yahoo.it,431016259,(dwX@CT,
78,Yvonne,O'Cannovane,Honduras,867-6606,YO'Cannovane@virgilio.it,433584523,HfU~%@IYxrf$n,
68,Norry,Vaszoly,Dominican Republic,429-3435,NVaszoly@juno.com,345240853,}rULU\A<o_RXxB,
32,Dian,Birkenhead,Papua New Guinea,219-9618,DBirkenhead@terra.com.br,199058025,yptP4YAbH>pJu]xR,
12,Finlay,Archambault,United Arab Emirates,398-2505,FArchambault@yahoo.it,212502954,`ym/0J.?w.Y,
43,Karilynn,Kennady,Panama,925-8122,KKennady@hotmail.de,317927335,dh.n3@Y<^8hN~G-,
51,Burton,Antoniewicz,Latvia,398-7657,BAntoniewicz@live.ca,956363827,+jn\A!:Y7Y,
44,Casper,Bleeze,Vanuatu,444-6334,CBleeze@aim.com,394110991,1f[fd$-,
7,Stanislas,Scarf,Libya,997-7856,SScarf@live.ca,624872353,"#:FOS6;lj2Qg!B;,
91,Claudius,Smickle,Iraq,997-9674,CSmickle@ig.com.br,863447433,hgH<fIS$|XN1/W6,
77,Diandra,Smitham,France,444-1107,DSmitham@yahoo.de,291714937,S{GpJ?!`/wB,
30,Merrel,Drees,Serbia,997-2888,MDrees@terra.com.br,973524566,WClUC<H,
70,Ettie,Lackie,South Africa,867-9426,ELackie@yahoo.in,162764794,u~wHWpg{},
49,Grazia,Haggerwood,Kazakhstan,925-4021,GHaggerwood@qq.com,230313563,UNHiX-Er-OKksP,
52,Niall,Lukesch,Hungary,908-7199,NLukesch@yahoo.com.au,809416931,DV8E7p|~,
42,Rivi,Stammer,San Marino,219-1522,RStammer@bellsouth.net,238626924,^OoA6]];#j=]B<,
65,Riannon,Barnett,South Korea,219-6710,RBarnett@gmx.net,311800030,))bu0)Z~{Em,
36,Cortney,Hattam,Norway,209-4711,CHattam@hotmail.fr,251519934,V6q8sT5,
59,Adriano,Borrill,Kuwait,997-8313,ABorrill@googlemail.com,712353198,R$TK*KPZ(N(HWt,
3,Doretta,Fursey,Italy,209-3315,DFursey@tiscali.co.uk,329566413,^WSHa=cTX4SF,
66,Cassandre,Stainbridge,Cabo Verde,429-4186,CStainbridge@frontiernet.net,632495011,@N9)tf,
4,Modesta,Wilne,Nepal,219-7313,MWilne@yahoo.co.jp,341616124,9t#VAc6uNKs-!ozb,
25,Althea,Bensley,Croatia,997-3538,ABensley@earthlink.net,112895151,qf7z2gP",
40,Boycey,Spring,Burkina Faso,429-9639,BSpring@hotmail.es,677721120,9n4k8+cKzQafE?%F,
81,Nadya,Binstead,Myanmar (formerly Burma),867-1966,NBinstead@live.ca,554416748,*7i;R`oT+;,
15,Libby,Iacovides,Madagascar,867-4131,LIacovides@frontiernet.net,107684930,Ew.bDFCVH+;9~Uy,
33,Pegeen,Burcher,Palau,398-5292,PBurcher@skynet.be,902205057,4p-R6Z,
24,Eula,McKeand,San Marino,270-9460,EMcKeand@hotmail.co.uk,596060028,u*W1-0vf.=;,
84,Linea,Belham,Sudan,429-2395,LBelham@googlemail.com,445644428,z`ysaILzKWPOJ1{,
98,Belvia,Belham,Brazil,398-1832,BBelham@club-internet.fr,326478004,QsR=cnT*0QEeXiD,
48,Reeta,Brodbin,Tanzania,925-5551,RBrodbin@live.ca,564090032,0aF\?::U<$o}8,
5,Brady,Huonic,Yemen,398-8676,BHuonic@me.com,143947739,iuybz=q5Z@,
18,Mick,Berthe,Gabon,398-9084,MBerthe@sympatico.ca,306811972,u\<}BcQY,
61,Caren,Agg,Spain,867-5343,CAgg@hotmail.co.uk,253161956,>i$>_oh]Ovu,
2,Pauletta,Borthram,Cuba,219-1782,PBorthram@live.fr,378722862,J>P}m94VPC:-l4|r,
71,Annabel,Deveraux,Australia,997-6933,ADeveraux@yahoo.com.sg,186086317,J4Hh;3@@n},
16,Leontyne,Liverock,Japan,209-3376,LLiverock@alice.it,269755936,`!fMz;?{)8*5#v,
76,Daniella,Bettlestone,Lebanon,209-9596,DBettlestone@live.fr,740846267,X@z[9{!3nY,
92,Vinny,Bettlestone,Bosnia and Herzegovina,429-8936,VBettlestone@rambler.ru,181458260,3HGJB/+5t<$Y!t,
88,Cindelyn,Flowith,Oman,398-2693,CFlowith@googlemail.com,635525339,ald](_J^IVjhr,
14,Philipa,Hemerijk,Croatia,209-8626,PHemerijk@outlook.com,670503465,ou=;"Y[W[3N>,
85,Sibilla,Hemerijk,Gabon,444-1565,SHemerijk@mac.com,180329499,aG@mvUYgQb-EDS,
28,Mannie,Loosley,Cameroon,398-3346,MLoosley@cox.net,830634994,SaD=-$U,
63,Scottie,Allan,Syria,219-5559,SAllan@aim.com,339352160,7r?|A57QZXGO,
23,Stephi,Glastonbury,Malaysia,867-1497,SGlastonbury@rambler.ru,871294892,8!kr%t`,
17,Simon,Delong,Holy See,925-8321,SDelong@tiscali.it,396864819,D{nvGJ'gjegy[/],
13,Fields,Mountlow,New Zealand,908-5568,FMountlow@neuf.fr,187755422,=\\p(-,
19,Dante,Bartlam,Lesotho,209-7590,DBartlam@orange.fr,800108581,O[^I_jPXs5ZO-,
53,Sterling,Bartlam,Zimbabwe,429-2776,SBartlam@hotmail.fr,360975266,MoKdq`f/iD{"\b,
72,Cristobal,Hember,Iran,219-3801,CHember@tin.it,738026652,c<B*:D$e,
26,Newton,Mundwell,Bhutan,867-6335,NMundwell@live.it,529202900,N4"^??vf{`}Q*`<,
41,Dirk,Midlane,Namibia,925-2427,DMidlane@yahoo.es,782152040,[Iunf=,
74,Marietta,Conford,South Sudan,398-6939,MConford@hotmail.com,281226513,OhK2-vuxZOX,
27,Shea,McSporon,Madagascar,925-4360,SMcSporon@gmx.de,947228023,Xte\o)`Q}qS\1;|,
93,Nikki,Bartos,Benin,398-3563,NBartos@libero.it,727793660,_Z$uk:N`F*,
75,Irvine,Rudwell,Panama,444-6725,IRudwell@shaw.ca,931190952,G#2)):<@M,
62,Siobhan,Haney,Palestine State,908-3183,SHaney@live.it,316945487,HxMtP07YpP=M7'P,
38,Dante,Hallum,Laos,925-8775,DHallum@optusnet.com.au,772032919,!58qrTn'.@,
89,Nanine,Spragg,Gabon,867-9683,NSpragg@bigpond.net.au,324048977,}OX]VS~!n>,
46,Gussy,Rohan,Kenya,997-3231,GRohan@live.co.uk,162292122,N5r59Y,
22,Rriocard,Bilovsky,Australia,398-9754,RBilovsky@telenet.be,312251746,to#/h\,
79,Sorcha,Garric,Croatia,219-4931,SGarric@rambler.ru,399420528,#JJHjgf2>,
54,Lucius,Allcorn,Kazakhstan,270-6693,LAllcorn@yahoo.es,739942439,t$\\AlMo8w,
57,Armando,Nyssen,Ecuador,908-8638,ANyssen@telenet.be,494709364,%icV$@si0Gm,
29,Leila,Claesens,Croatia,867-6857,LClaesens@hotmail.it,356541312,]^%Y;^=`|yf,
31,Prentiss,O'Suaird,Suriname,444-9945,PO'Suaird@live.com.au,553436873,4'0Nf-Hu,
90,Harwilll,Chasmer,Malta,867-5439,HChasmer@frontiernet.net,430546620,RZIcu:w,
82,Wendy,Sackler,Madagascar,997-8498,WSackler@hotmail.es,699529154,m]ZtKC'vHbk,
34,Mandie,Reasun,Canada,398-1054,MReasun@live.fr,491554098,4w/Mj$*c}75H(9_,
45,Nehemiah,McClinton,Poland,219-5539,NMcClinton@gmail.com,554333378,4xaEH-,
83,Amby,Perigo,Ecuador,997-5100,APerigo@live.ca,654602408,p".U%I`$<y==gCt',
